<?xml version="1.0" encoding="UTF-8"?>
<!DOCTYPE mapper PUBLIC "-//mybatis.org//DTD Mapper 3.0//EN" "http://mybatis.org/dtd/mybatis-3-mapper.dtd">
<mapper namespace="com.kevinkda.univ.course.enter.framework.b20200623.mapper.BlogMapper">
    <resultMap id="BaseResultMap" type="com.kevinkda.univ.course.enter.framework.b20200623.domain.Blog">
        <!--@mbg.generated-->
        <!--@Table university.20200623_tb_blog-->
        <id column="BLOG_ID" jdbcType="INTEGER" property="blogId"/>
        <result column="BLOG_TITLE" jdbcType="VARCHAR" property="blogTitle"/>
        <result column="BLOG_COUNT" jdbcType="INTEGER" property="blogCount"/>
        <result column="AUTHOR_ID" jdbcType="INTEGER" property="authorId"/>
    </resultMap>
    <sql id="Base_Column_List">
        <!--@mbg.generated-->
        BLOG_ID, BLOG_TITLE, BLOG_COUNT, AUTHOR_ID
    </sql>
    <select id="selectAll" resultMap="BaseResultMap">
        select
        <include refid="Base_Column_List"/>
        from university.20200623_tb_blog
    </select>
    <select id="selectByPrimaryKey" parameterType="java.lang.Integer" resultMap="BaseResultMap">
        <!--@mbg.generated-->
        select
        <include refid="Base_Column_List"/>
        from university.20200623_tb_blog
        where BLOG_ID = #{blogId,jdbcType=INTEGER}
    </select>
    <delete id="deleteByPrimaryKey" parameterType="java.lang.Integer">
        <!--@mbg.generated-->
        delete
        from university.20200623_tb_blog
        where BLOG_ID = #{blogId,jdbcType=INTEGER}
    </delete>
    <insert id="insert" keyColumn="BLOG_ID" keyProperty="blogId"
            parameterType="com.kevinkda.univ.course.enter.framework.b20200623.domain.Blog" useGeneratedKeys="true">
        <!--@mbg.generated-->
        insert into university.20200623_tb_blog (BLOG_TITLE, BLOG_COUNT, AUTHOR_ID)
        values (#{blogTitle,jdbcType=VARCHAR}, #{blogCount,jdbcType=INTEGER}, #{authorId,jdbcType=INTEGER})
    </insert>
    <insert id="insertSelective" keyColumn="BLOG_ID" keyProperty="blogId"
            parameterType="com.kevinkda.univ.course.enter.framework.b20200623.domain.Blog" useGeneratedKeys="true">
        <!--@mbg.generated-->
        insert into university.20200623_tb_blog
        <trim prefix="(" suffix=")" suffixOverrides=",">
            <if test="blogTitle != null">
                BLOG_TITLE,
            </if>
            <if test="blogCount != null">
                BLOG_COUNT,
            </if>
            <if test="authorId != null">
                AUTHOR_ID,
            </if>
        </trim>
        <trim prefix="values (" suffix=")" suffixOverrides=",">
            <if test="blogTitle != null">
                #{blogTitle,jdbcType=VARCHAR},
            </if>
            <if test="blogCount != null">
                #{blogCount,jdbcType=INTEGER},
            </if>
            <if test="authorId != null">
                #{authorId,jdbcType=INTEGER},
            </if>
        </trim>
    </insert>
    <update id="updateByPrimaryKeySelective"
            parameterType="com.kevinkda.univ.course.enter.framework.b20200623.domain.Blog">
        <!--@mbg.generated-->
        update university.20200623_tb_blog
        <set>
            <if test="blogTitle != null">
                BLOG_TITLE = #{blogTitle,jdbcType=VARCHAR},
            </if>
            <if test="blogCount != null">
                BLOG_COUNT = #{blogCount,jdbcType=INTEGER},
            </if>
            <if test="authorId != null">
                AUTHOR_ID = #{authorId,jdbcType=INTEGER},
            </if>
        </set>
        where BLOG_ID = #{blogId,jdbcType=INTEGER}
    </update>
    <update id="updateByPrimaryKey" parameterType="com.kevinkda.univ.course.enter.framework.b20200623.domain.Blog">
        <!--@mbg.generated-->
        update university.20200623_tb_blog
        set BLOG_TITLE = #{blogTitle,jdbcType=VARCHAR},
            BLOG_COUNT = #{blogCount,jdbcType=INTEGER},
            AUTHOR_ID  = #{authorId,jdbcType=INTEGER}
        where BLOG_ID = #{blogId,jdbcType=INTEGER}
    </update>
</mapper>